path,distance,cities,kilometers
"Екатеринбург - Артёмовский - Буланаш - Ирбит - Туринск - Алапаевск - Екатеринбург,604 км,""{Екатеринбург,Артёмовский,Буланаш,Ирбит,Туринск,Алапаевск,Екатеринбург}"",604"
"Екатеринбург - Артёмовский - Ирбит - Алапаевск - Екатеринбург,477 км,""{Екатеринбург,Артёмовский,Ирбит,Алапаевск,Екатеринбург}"",477"
"Екатеринбург - Артемовский - Ирбит - Байкалово - В.Синячиха - Алапаевск - Екатеринбург,612 км,""{Екатеринбург,Артемовский,Ирбит,Байкалово,В.Синячиха,Алапаевск,Екатеринбург}"",612"
"Екатеринбург - Артемовский - Ирбит - В.Синячиха - Реж - Екатеринбург,492 км,""{Екатеринбург,Артемовский,Ирбит,В.Синячиха,Реж,Екатеринбург}"",492"
"Екатеринбург - Артёмовский - Ирбит - Синячиха - Алапаевск - Екатеринбург,483 км,""{Екатеринбург,Артёмовский,Ирбит,Синячиха,Алапаевск,Екатеринбург}"",483"
"Екатеринбург - Артемовский - Ирбит - Туринск - Алапаевск - Екатеринбург,604 км,""{Екатеринбург,Артемовский,Ирбит,Туринск,Алапаевск,Екатеринбург}"",604"
"Екатеринбург - Артемовский - Ирбит - Туринск - В.Синячиха - Алапаевск - Екатеринбург,604 км,""{Екатеринбург,Артемовский,Ирбит,Туринск,В.Синячиха,Алапаевск,Екатеринбург}"",604"
"Екатеринбург - Асбест - Екатеринбург,162 км,""{Екатеринбург,Асбест,Екатеринбург}"",162"
"Екатеринбург - Асбест - Богданович - Екатеринбург,235 км,""{Екатеринбург,Асбест,Богданович,Екатеринбург}"",235"
"Екатеринбург - Асбест - Богданович - Белоярский - Екатеринбург,231 км,""{Екатеринбург,Асбест,Богданович,Белоярский,Екатеринбург}"",231"
"Екатеринбург - Ачит - Красноуфимск - Арти - Михайловск - Н.Серги - В.Серги - Екатеринбург,460 км,""{Екатеринбург,Ачит,Красноуфимск,Арти,Михайловск,Н.Серги,В.Серги,Екатеринбург}"",460"
"Екатеринбург - Ачит - Красноуфимск - Михайловск - Н.Серги - В.Серги - Екатеринбург,450 км,""{Екатеринбург,Ачит,Красноуфимск,Михайловск,Н.Серги,В.Серги,Екатеринбург}"",450"
"Екатеринбург - Ачит - Красноуфимск - Михайловск - Новая Ельня - Н.Серги - В.Серги - Екатеринбург,460 км,""{Екатеринбург,Ачит,Красноуфимск,Михайловск,Новая Ельня,Н.Серги,В.Серги,Екатеринбург}"",460"
"Екатеринбург - Бисерть - Ачит - Красноуфимск - Арти - Михайловск - Н.Серги - Екатеринбург,450 км,""{Екатеринбург,Бисерть,Ачит,Красноуфимск,Арти,Михайловск,Н.Серги,Екатеринбург}"",450"
"Екатеринбург - Бисерть - Ачит - Красноуфимск - Арти - Михайловск - Н.Серги - В.Серги - Екатеринбург,490 км,""{Екатеринбург,Бисерть,Ачит,Красноуфимск,Арти,Михайловск,Н.Серги,В.Серги,Екатеринбург}"",490"
"Екатеринбург - Бобровский - Екатеринбург,74 км,""{Екатеринбург,Бобровский,Екатеринбург}"",74"
"Екатеринбург - Бобровский - Сысерть - Екатеринбург,111 км,""{Екатеринбург,Бобровский,Сысерть,Екатеринбург}"",111"
"Екатеринбург - Большое Седельниково - Первомайский - Октябрьский - Кашино - Сысерть - Щелкун - Бобровский - Екатеринбург,194 км,""{Екатеринбург,Большое Седельниково,Первомайский,Октябрьский,Кашино,Сысерть,Щелкун,Бобровский,Екатеринбург}"",194"
"Екатеринбург - Горный Щит - Бобровский - Екатеринбург,91 км,""{Екатеринбург,Горный Щит,Бобровский,Екатеринбург}"",91"
"Екатеринбург - Каменск-Уральский - Екатеринбург,199 км,""{Екатеринбург,Каменск-Уральский,Екатеринбург}"",199"
"Екатеринбург - Курган - Екатеринбург,732 км,""{Екатеринбург,Курган,Екатеринбург}"",732"
"Екатеринбург - Нижний Тагил - Екатеринбург,282 км,""{Екатеринбург,Нижний Тагил,Екатеринбург}"",282"
"Екатеринбург - Нижний Тагил - Верхняя Салда - Екатеринбург,357 км,""{Екатеринбург,Нижний Тагил,Верхняя Салда,Екатеринбург}"",357"
"Екатеринбург - Нижний Тагил - Верхняя Салда - Верхняя Синячиха - Алапаевск - Артемовский - Буланаш - Екатеринбург,491 км,""{Екатеринбург,Нижний Тагил,Верхняя Салда,Верхняя Синячиха,Алапаевск,Артемовский,Буланаш,Екатеринбург}"",491"
"Екатеринбург - Нижний Тагил - Верхняя Салда - Нижняя Салда - Екатеринбург,380 км,""{Екатеринбург,Нижний Тагил,Верхняя Салда,Нижняя Салда,Екатеринбург}"",380"
"Екатеринбург - Первоуральск - Екатеринбург,90 км,""{Екатеринбург,Первоуральск,Екатеринбург}"",90"
"Екатеринбург - Первоуральск - Билимбай - Дегтярск - Екатеринбург,161 км,""{Екатеринбург,Первоуральск,Билимбай,Дегтярск,Екатеринбург}"",161"
"Екатеринбург - Первоуральск - Билимбай - Новоуткинск - Екатеринбург,156 км,""{Екатеринбург,Первоуральск,Билимбай,Новоуткинск,Екатеринбург}"",156"
"Екатеринбург - Первоуральск - Билимбай - Новоуткинск - Ревда - Екатеринбург,178 км,""{Екатеринбург,Первоуральск,Билимбай,Новоуткинск,Ревда,Екатеринбург}"",178"
"Екатеринбург - Первоуральск - Билимбай - Ревда - Екатеринбург,143 км,""{Екатеринбург,Первоуральск,Билимбай,Ревда,Екатеринбург}"",143"
"Екатеринбург - Первоуральск - Билимбай - Ревда - Дегтярск - Екатеринбург,172 км,""{Екатеринбург,Первоуральск,Билимбай,Ревда,Дегтярск,Екатеринбург}"",172"
"Екатеринбург - Первоуральск - Билимбай - Шаля - Екатеринбург,333 км,""{Екатеринбург,Первоуральск,Билимбай,Шаля,Екатеринбург}"",333"
"Екатеринбург - Первоуральск - Шаля - Екатеринбург,332 км,""{Екатеринбург,Первоуральск,Шаля,Екатеринбург}"",332"
"Екатеринбург - Пермь - Екатеринбург,722 км,""{Екатеринбург,Пермь,Екатеринбург}"",722"
"Екатеринбург - Полевской - Екатеринбург,118 км,""{Екатеринбург,Полевской,Екатеринбург}"",118"
"Екатеринбург - Ревда - Екатеринбург,100 км,""{Екатеринбург,Ревда,Екатеринбург}"",100"
"Екатеринбург - Ревда - Полевской - Екатеринбург,175 км,""{Екатеринбург,Ревда,Полевской,Екатеринбург}"",175"
"Екатеринбург - Реж - Екатеринбург,166 км,""{Екатеринбург,Реж,Екатеринбург}"",166"
"Екатеринбург - Реж - Алапаевск - Верхняя Синячиха - Артемовский - Екатеринбург,370 км,""{Екатеринбург,Реж,Алапаевск,Верхняя Синячиха,Артемовский,Екатеринбург}"",370"
"Екатеринбург - Реж - Алапаевск - Верхняя Синячиха - Артемовский - Буланаш - Екатеринбург,395 км,""{Екатеринбург,Реж,Алапаевск,Верхняя Синячиха,Артемовский,Буланаш,Екатеринбург}"",395"
"Екатеринбург - Самара - Саратов - Екатеринбург,2827 км,""{Екатеринбург,Самара,Саратов,Екатеринбург}"",2827"
"Екатеринбург - Сысерть - Екатеринбург,94 км,""{Екатеринбург,Сысерть,Екатеринбург}"",94"
"Екатеринбург - Сысерть - Арамиль - Екатеринбург,98 км,""{Екатеринбург,Сысерть,Арамиль,Екатеринбург}"",98"
"Екатеринбург - Тюмень - Екатеринбург,650 км,""{Екатеринбург,Тюмень,Екатеринбург}"",650"
"Екатеринбург - Уфа - Екатеринбург,1088 км,""{Екатеринбург,Уфа,Екатеринбург}"",1088"
"Екатеринбург - Уфа - Казань - Ижевск - Пермь - Екатеринбург,2075 км,""{Екатеринбург,Уфа,Казань,Ижевск,Пермь,Екатеринбург}"",2075"
"Екатеринбург - Уфа - Оренбург - Екатеринбург,1815 км,""{Екатеринбург,Уфа,Оренбург,Екатеринбург}"",1815"
"Екатеринбург - Уфа - Самара - Пенза - Екатеринбург,2787 км,""{Екатеринбург,Уфа,Самара,Пенза,Екатеринбург}"",2787"
"Екатеринбург - Челябинск - Екатеринбург,409 км,""{Екатеринбург,Челябинск,Екатеринбург}"",409"
"Екатеринбург - Челябинск - Екатеринбург,412 км,""{Екатеринбург,Челябинск,Екатеринбург}"",412"
"Екатеринбург - Челябинск - Златоуст - Екатеринбург,611 км,""{Екатеринбург,Челябинск,Златоуст,Екатеринбург}"",611"
"Екатеринбург - Челябинск - Златоуст - Миасс - Екатеринбург,622 км,""{Екатеринбург,Челябинск,Златоуст,Миасс,Екатеринбург}"",622"
"Екатеринбург - Шаля - Екатеринбург,332 км,""{Екатеринбург,Шаля,Екатеринбург}"",332"
"Ижевск - Агрыз - Ижевск,89 км,""{Ижевск,Агрыз,Ижевск}"",89"
"Ижевск - Воткинск - Ижевск,108 км,""{Ижевск,Воткинск,Ижевск}"",108"
"Ижевск - Глазов - Ижевск,347 км,""{Ижевск,Глазов,Ижевск}"",347"
"Ижевск - Глазов - Красногорское - Ижевск,370 км,""{Ижевск,Глазов,Красногорское,Ижевск}"",370"
"Ижевск - Игра - Дебёсы - Балезино - Глазов - Красногорское - Ижевск,476 км,""{Ижевск,Игра,Дебёсы,Балезино,Глазов,Красногорское,Ижевск}"",476"
"Ижевск - Можга - Алнаши - Ижевск,237 км,""{Ижевск,Можга,Алнаши,Ижевск}"",237"
"Ижевск - Сарапул - Ижевск,134 км,""{Ижевск,Сарапул,Ижевск}"",134"
"Ижевск - Чебоксары - Ижевск,1057 км,""{Ижевск,Чебоксары,Ижевск}"",1057"
"Казань - Ижевск - Казань,729 км,""{Казань,Ижевск,Казань}"",729"
"Казань - Ижевск - Набережные Челны - Казань,789 км,""{Казань,Ижевск,Набережные Челны,Казань}"",789"
"Казань - Киров - Казань,826 км,""{Казань,Киров,Казань}"",826"
"Казань - Набережные Челны - Казань,480 км,""{Казань,Набережные Челны,Казань}"",480"
"Казань - Н.Новгород - Казань,789 км,""{Казань,Н.Новгород,Казань}"",789"
"Казань - Самара - Казань,717 км,""{Казань,Самара,Казань}"",717"
"Казань - Саранск - Казань,891 км,""{Казань,Саранск,Казань}"",891"
"Казань - Саратов - Казань,1338 км,""{Казань,Саратов,Казань}"",1338"
"Казань - Чебоксары - Казань,319 км,""{Казань,Чебоксары,Казань}"",319"
"Казань - Чебоксары - Н.Новгород - Казань,797 км,""{Казань,Чебоксары,Н.Новгород,Казань}"",797"
"Киров - Котельнич - Киров,242 км,""{Киров,Котельнич,Киров}"",242"
"Киров - Котельнич - Орлов - Киров,244 км,""{Киров,Котельнич,Орлов,Киров}"",244"
"Киров - Мураши - Киров,226 км,""{Киров,Мураши,Киров}"",226"
"Киров - Советск - Киров,275 км,""{Киров,Советск,Киров}"",275"
"Набережные Челны - Альметьевск - Набережные Челны,228 км,""{Набережные Челны,Альметьевск,Набережные Челны}"",228"
"Набережные Челны - Ижевск - Набережные Челны,406 км,""{Набережные Челны,Ижевск,Набережные Челны}"",406"
"Набережные Челны - Мамадыш - Балтаси - Набережные Челны,431 км,""{Набережные Челны,Мамадыш,Балтаси,Набережные Челны}"",431"
"Набережные Челны - Мамадыш - Кукмор - Набережные Челны,323 км,""{Набережные Челны,Мамадыш,Кукмор,Набережные Челны}"",323"
"Набережные Челны - Муслюмово - Заинск - Набережные Челны,271 км,""{Набережные Челны,Муслюмово,Заинск,Набережные Челны}"",271"
"Набережные Челны - Нижнекамск - Набережные Челны,99 км,""{Набережные Челны,Нижнекамск,Набережные Челны}"",99"
"Набережные Челны - Нижнекамск - Заинск - Набережные Челны,172 км,""{Набережные Челны,Нижнекамск,Заинск,Набережные Челны}"",172"
"Набережные Челны - Нижнекамск - Камские Поляны - Набережные Челны,189 км,""{Набережные Челны,Нижнекамск,Камские Поляны,Набережные Челны}"",189"
"Оренбург - Бузулук - Оренбург,503 км,""{Оренбург,Бузулук,Оренбург}"",503"
"Оренбург - Грачёвка - Бузулук - Курманаевка - Оренбург,601 км,""{Оренбург,Грачёвка,Бузулук,Курманаевка,Оренбург}"",601"
"Оренбург - Грачевка - Бузулук - Курманаевка - Тоцкое - Оренбург,602 км,""{Оренбург,Грачевка,Бузулук,Курманаевка,Тоцкое,Оренбург}"",602"
"Оренбург - имени 9 Января - Нижняя Павловка - Кардаилово - Илек - Оренбург,261 км,""{Оренбург,имени 9 Января,Нижняя Павловка,Кардаилово,Илек,Оренбург}"",261"
"Оренбург - имени 9 Января - Нижняя Павловка - Краснохолм - Кардаилово - Илек - Оренбург,264 км,""{Оренбург,имени 9 Января,Нижняя Павловка,Краснохолм,Кардаилово,Илек,Оренбург}"",264"
"Оренбург - Краснохолм - Илек - Оренбург,261 км,""{Оренбург,Краснохолм,Илек,Оренбург}"",261"
"Оренбург - Краснохолм - Илек - Ташла - Оренбург,381 км,""{Оренбург,Краснохолм,Илек,Ташла,Оренбург}"",381"
"Оренбург - Курманаевка - Бузулук - Грачёвка - Оренбург,594 км,""{Оренбург,Курманаевка,Бузулук,Грачёвка,Оренбург}"",594"
"Оренбург - Курманаевка - Бузулук - Колтубановский - Грачёвка - Оренбург,650 км,""{Оренбург,Курманаевка,Бузулук,Колтубановский,Грачёвка,Оренбург}"",650"
"Оренбург - Нижняя Павловка - Краснохолм - Илек - Оренбург,260 км,""{Оренбург,Нижняя Павловка,Краснохолм,Илек,Оренбург}"",260"
"Оренбург - Новосергиевка - Сорочинск - Бузулук - Грачевка - Оренбург,559 км,""{Оренбург,Новосергиевка,Сорочинск,Бузулук,Грачевка,Оренбург}"",559"
"Оренбург - Новосергиевка - Сорочинск - Курманаевка - Бузулук - Грачевка - Оренбург,612 км,""{Оренбург,Новосергиевка,Сорочинск,Курманаевка,Бузулук,Грачевка,Оренбург}"",612"
"Оренбург - Переволоцк - Новосергиевка - Сорочинск - Плешаново - Оренбург,478 км,""{Оренбург,Переволоцк,Новосергиевка,Сорочинск,Плешаново,Оренбург}"",478"
"Оренбург - Переволоцкий - Новосергиевка - Оренбург,240 км,""{Оренбург,Переволоцкий,Новосергиевка,Оренбург}"",240"
"Оренбург - Переволоцкий - Новосергиевка - Сорочинск - Оренбург,350 км,""{Оренбург,Переволоцкий,Новосергиевка,Сорочинск,Оренбург}"",350"
"Оренбург - Пос. Каргала - Переволоцкий - Новосергиевка - Оренбург,250 км,""{Оренбург,Пос.Каргала,Переволоцкий,Новосергиевка,Оренбург}"",250"
"Оренбург - пос.Ленина - Сакмара - Октябрьское - Оренбург,174 км,""{Оренбург,пос.Ленина,Сакмара,Октябрьское,Оренбург}"",174"
"Оренбург - Пригородный- Нежинка- Саракташ - Оренбург,194 км,""{Оренбург,Пригородный,Нежинка,Саракташ,Оренбург}"",194"
"Оренбург - Сакмара - Октябрьское - Оренбург,170 км,""{Оренбург,Сакмара,Октябрьское,Оренбург}"",170"
"Оренбург - Самара - Оренбург,830 км,""{Оренбург,Самара,Оренбург}"",830"
"Оренбург - Самородово - Беляевка - Оренбург,223 км,""{Оренбург,Самородово,Беляевка,Оренбург}"",223"
"Оренбург - Саракташ - Оренбург,191 км,""{Оренбург,Саракташ,Оренбург}"",191"
"Оренбург - Соль-Илецк - Оренбург,146 км,""{Оренбург,Соль-Илецк,Оренбург}"",146"
"Оренбург - Соль-Илецк - Акбулак - Оренбург,246 км,""{Оренбург,Соль-Илецк,Акбулак,Оренбург}"",246"
"Оренбург - Сорочинск - Новосергиевка - Оренбург,343 км,""{Оренбург,Сорочинск,Новосергиевка,Оренбург}"",343"
"Оренбург - Сорочинск - Новосергиевка - Переволоцкий - Оренбург,350 км,""{Оренбург,Сорочинск,Новосергиевка,Переволоцкий,Оренбург}"",350"
"Оренбург - Сорочинск- Бузулук - Оренбург,510 км,""{Оренбург,Сорочинск,Бузулук,Оренбург}"",510"
"Оренбург - Черноречье - имени 9 Января - Первомайский - Соль-Илецк - Акбулак - Оренбург,320 км,""{Оренбург,Черноречье,имени 9 Января,Первомайский,Соль-Илецк,Акбулак,Оренбург}"",320"
"Пенза - Городище - Пенза,103 км,""{Пенза,Городище,Пенза}"",103"
"Пенза - Кузнецк - Пенза,246 км,""{Пенза,Кузнецк,Пенза}"",246"
"Пенза - Саранск - Пенза,297 км,""{Пенза,Саранск,Пенза}"",297"
"Пермь - Березники - Соликамск - Пермь,418 км,""{Пермь,Березники,Соликамск,Пермь}"",418"
"Пермь - Кудымкар - Карагай - Краснокамск - Пермь,394 км,""{Пермь,Кудымкар,Карагай,Краснокамск,Пермь}"",394"
"Пермь - Кунгур - Пермь,182 км,""{Пермь,Кунгур,Пермь}"",182"
"Самара - Жигулёвск - Самара,178 км,""{Самара,Жигулёвск,Самара}"",178"
"Самара - Тольятти - Самара,177 км,""{Самара,Тольятти,Самара}"",177"
"Самара - Уфа - Самара,928 км,""{Самара,Уфа,Самара}"",928"
"Тюмень - Богандинский - Заводоуковск - Тюмень,205 км,""{Тюмень,Богандинский,Заводоуковск,Тюмень}"",205"
"Тюмень - Боровский - Винзили - Богандинский - Ялуторовск - Тюмень,176 км,""{Тюмень,Боровский,Винзили,Богандинский,Ялуторовск,Тюмень}"",176"
"Тюмень - Боровский - Винзили - Ялуторовск - Тюмень,173 км,""{Тюмень,Боровский,Винзили,Ялуторовск,Тюмень}"",173"
"Тюмень - Велижаны - Нижняя Тавда - Тюмень,176 км,""{Тюмень,Велижаны,Нижняя Тавда,Тюмень}"",176"
"Тюмень - Велижаны - Нижняя Тавда - Боровский - Тюмень,216 км,""{Тюмень,Велижаны,Нижняя Тавда,Боровский,Тюмень}"",216"
"Тюмень - Винзили - Богандинский - Ялуторовск - Тюмень,166 км,""{Тюмень,Винзили,Богандинский,Ялуторовск,Тюмень}"",166"
"Тюмень - Заводоуковск - Тюмень,202 км,""{Тюмень,Заводоуковск,Тюмень}"",202"
"Тюмень - Нижняя Тавда - Тюмень,172 км,""{Тюмень,Нижняя Тавда,Тюмень}"",172"
"Тюмень - Сургут - Тюмень,1574 км,""{Тюмень,Сургут,Тюмень}"",1574"
"Тюмень - Талица - Тугулым - Тюмень,247 км,""{Тюмень,Талица,Тугулым,Тюмень}"",247"
"Тюмень - Тобольск - Тюмень,490 км,""{Тюмень,Тобольск,Тюмень}"",490"
"Тюмень - Тюнево - Велижаны - Нижняя Тавда - Тюмень,177 км,""{Тюмень,Тюнево,Велижаны,Нижняя Тавда,Тюмень}"",177"
"Тюмень - Ялуторовск - Тюмень,165 км,""{Тюмень,Ялуторовск,Тюмень}"",165"
"Тюмень - Ялуторовск - Заводоуковск - Тюмень,214 км,""{Тюмень,Ялуторовск,Заводоуковск,Тюмень}"",214"
"Уфа - Авдон - Алкино - Чишмы - Уфа,131 км,""{Уфа,Авдон,Алкино,Чишмы,Уфа}"",131"
"Уфа - Авдон - Алкино - Чишмы - Давлеканово - Раевка - Уфа,480 км,""{Уфа,Авдон,Алкино,Чишмы,Давлеканово,Раевка,Уфа}"",480"
"Уфа - Авдон - Алкино - Чишмы - Давлеканово - Раевка - Уфа,480 км,""{Уфа,Авдон,Алкино,Чишмы,Давлеканово,Раевка,Уфа}"",480"
"Уфа - Авдон - Алкино - Чишмы - Раевка - Уфа,460 км,""{Уфа,Авдон,Алкино,Чишмы,Раевка,Уфа}"",460"
"Уфа - Аэропорт Уфа - Ишимбай - Салават - Мелеуз - Уфа,443 км,""{Уфа,Аэропорт Уфа,Ишимбай,Салават,Мелеуз,Уфа}"",443"
"Уфа - Благовещенск - Уфа,96 км,""{Уфа,Благовещенск,Уфа}"",96"
"Уфа - Благовещенск - Авдон - Алкино - Чишмы - Уфа,227 км,""{Уфа,Благовещенск,Авдон,Алкино,Чишмы,Уфа}"",227"
"Уфа - Благовещенск - Бирск - Иглино - Шакша - Бурцево - Уфа,276 км,""{Уфа,Благовещенск,Бирск,Иглино,Шакша,Бурцево,Уфа}"",276"
"Уфа - Благовещенск - Михайловка - Уфа,133 км,""{Уфа,Благовещенск,Михайловка,Уфа}"",133"
"Уфа - Булгаково - Кармаскалы - Уфа,109 км,""{Уфа,Булгаково,Кармаскалы,Уфа}"",109"
"Уфа - Булгаково - Толбазы - Ишимбай - Салават - Мелеуз - Уфа,444 км,""{Уфа,Булгаково,Толбазы,Ишимбай,Салават,Мелеуз,Уфа}"",444"
"Уфа - Булгаково - Толбазы - Стерлитамак - Уфа,258 км,""{Уфа,Булгаково,Толбазы,Стерлитамак,Уфа}"",258"
"Уфа - Верхнеяркеево - Кушнаренково - Уфа,310 км,""{Уфа,Верхнеяркеево,Кушнаренково,Уфа}"",310"
"Уфа - Дюртюли - Уфа,255 км,""{Уфа,Дюртюли,Уфа}"",255"
"Уфа - Иглино - Уфа,76 км,""{Уфа,Иглино,Уфа}"",76"
"Уфа - Иглино - Бурцево - Уфа,94 км,""{Уфа,Иглино,Бурцево,Уфа}"",94"
"Уфа - Иглино - Бурцево - Нагаево - Уфа,102 км,""{Уфа,Иглино,Бурцево,Нагаево,Уфа}"",102"
"Уфа - Иглино - Нагаево - Уфа,104 км,""{Уфа,Иглино,Нагаево,Уфа}"",104"
"Уфа - Иглино - Шакша - Уфа,87 км,""{Уфа,Иглино,Шакша,Уфа}"",87"
"Уфа - Искитин - Уфа,65 км,""{Уфа,Искитин,Уфа}"",65"
"Уфа - Ишимбай - Салават - Зирган - Мелеуз - Уфа,441 км,""{Уфа,Ишимбай,Салават,Зирган,Мелеуз,Уфа}"",441"
"Уфа - Ишимбай - Салават - Мелеуз - Уфа,441 км,""{Уфа,Ишимбай,Салават,Мелеуз,Уфа}"",441"
"Уфа - Кандры - Белебей - Октябрьский - Туймазы - Уфа,490 км,""{Уфа,Кандры,Белебей,Октябрьский,Туймазы,Уфа}"",490"
"Уфа - Кандры - Серафимовский - Туймазы - Уфа,370 км,""{Уфа,Кандры,Серафимовский,Туймазы,Уфа}"",370"
"Уфа - Кандры -Туймазы - Октябрьский - Уфа,384 км,""{Уфа,Кандры,Туймазы,Октябрьский,Уфа}"",384"
"Уфа - Кармаскалы - Уфа,107 км,""{Уфа,Кармаскалы,Уфа}"",107"
"Уфа - Кармаскалы - Ишимбай - Салават - Мелеуз - Уфа,466 км,""{Уфа,Кармаскалы,Ишимбай,Салават,Мелеуз,Уфа}"",466"
"Уфа - Кармаскалы - Нагаево - Уфа,126 км,""{Уфа,Кармаскалы,Нагаево,Уфа}"",126"
"Уфа - Кармаскалы - Стерлитамак - Уфа,281 км,""{Уфа,Кармаскалы,Стерлитамак,Уфа}"",281"
"Уфа - Кармаскалы - Чишмы - Уфа,188 км,""{Уфа,Кармаскалы,Чишмы,Уфа}"",188"
"Уфа - Кушнаренково - Дюртюли - Агидель - Нефтекамск - Уфа,477 км,""{Уфа,Кушнаренково,Дюртюли,Агидель,Нефтекамск,Уфа}"",477"
"Уфа - Кушнаренково - Дюртюли - Агидель - Нефтекамск - Верхние Татышлы - Уфа,606 км,""{Уфа,Кушнаренково,Дюртюли,Агидель,Нефтекамск,Верхние Татышлы,Уфа}"",606"
"Уфа - Кушнаренково - Дюртюли - Нефтекамск - Уфа,428 км,""{Уфа,Кушнаренково,Дюртюли,Нефтекамск,Уфа}"",428"
"Уфа - Миловка - Михайловка - Кушнаренково - Дюртюли - Уфа,269 км,""{Уфа,Миловка,Михайловка,Кушнаренково,Дюртюли,Уфа}"",269"
"Уфа - Нефтекамск - Агидель - Уфа,473 км,""{Уфа,Нефтекамск,Агидель,Уфа}"",473"
"Уфа - Новая Отрадовка - Наумовка - Ишимбай - Салават - Мелеуз - Уфа,454 км,""{Уфа,Новая Отрадовка,Наумовка,Ишимбай,Салават,Мелеуз,Уфа}"",454"
"Уфа - Салават - Уфа,328 км,""{Уфа,Салават,Уфа}"",328"
"Уфа - Стерлитамак - Уфа,255 км,""{Уфа,Стерлитамак,Уфа}"",255"
"Уфа - Стерлитамак - Рощинский - Кармаскалы - Уфа,283 км,""{Уфа,Стерлитамак,Рощинский,Кармаскалы,Уфа}"",283"
"Уфа - Стерлитамак - Толбазы - Уфа,259 км,""{Уфа,Стерлитамак,Толбазы,Уфа}"",259"
"Уфа - Толбазы - Ишимбай - Салават - Мелеуз - Уфа,441 км,""{Уфа,Толбазы,Ишимбай,Салават,Мелеуз,Уфа}"",441"
"Уфа - Толбазы - Ишимбай - Салават - Мелеуз - Исянгулово - Уфа,701 км,""{Уфа,Толбазы,Ишимбай,Салават,Мелеуз,Исянгулово,Уфа}"",701"
"Уфа - Толбазы - Ишимбай - Салават - Мелеуз - Новая Отрадовка - Уфа,450 км,""{Уфа,Толбазы,Ишимбай,Салават,Мелеуз,Новая Отрадовка,Уфа}"",450"
"Уфа - Толбазы - Наумовка - Ишимбай - Салават - Мелеуз - Уфа,445 км,""{Уфа,Толбазы,Наумовка,Ишимбай,Салават,Мелеуз,Уфа}"",445"
"Уфа - Толбазы - Стерлитамак - Кармаскалы - Уфа,280 км,""{Уфа,Толбазы,Стерлитамак,Кармаскалы,Уфа}"",280"
"Уфа - Туймазы - Уфа,347 км,""{Уфа,Туймазы,Уфа}"",347"
"Уфа - Туймазы - Белебей - Уфа,440 км,""{Уфа,Туймазы,Белебей,Уфа}"",440"
"Уфа - Чишмы - Уфа,114 км,""{Уфа,Чишмы,Уфа}"",114"
"Уфа - Шакша - Иглино - Бурцево - Нагаево - Уфа,111 км,""{Уфа,Шакша,Иглино,Бурцево,Нагаево,Уфа}"",111"
"Уфа - Шаран - Туймазы - Серафимовский - Уфа,402 км,""{Уфа,Шаран,Туймазы,Серафимовский,Уфа}"",402"
"Чебоксары - Йошкар-Ола - Чебоксары,186 км,""{Чебоксары,Йошкар-Ола,Чебоксары}"",186"
"Чебоксары - Канаш - Чебоксары,164 км,""{Чебоксары,Канаш,Чебоксары}"",164"
"Челябинск - Курган - Челябинск,535 км,""{Челябинск,Курган,Челябинск}"",535"
"Челябинск - Магнитогорск - Челябинск,619 км,""{Челябинск,Магнитогорск,Челябинск}"",619"
"Челябинск - Миасс - Златоуст - Челябинск,290 км,""{Челябинск,Миасс,Златоуст,Челябинск}"",290"
"Челябинск - Чебаркуль - Челябинск,165 км,""{Челябинск,Чебаркуль,Челябинск}"",165"
"Челябинск - Чебаркуль - Миасс - Челябинск,213 км,""{Челябинск,Чебаркуль,Миасс,Челябинск}"",213"
"Барнаул - Бийск - Барнаул,319 км,""{Барнаул,Бийск,Барнаул}"",319"
"Барнаул - Бийск - Заринск - Барнаул,442 км,""{Барнаул,Бийск,Заринск,Барнаул}"",442"
"Барнаул - Заринск - Барнаул,228 км,""{Барнаул,Заринск,Барнаул}"",228"
"Барнаул - Новоалтайск - Барнаул,33 км,""{Барнаул,Новоалтайск,Барнаул}"",33"
"Владивосток - Уссурийск - Владивосток,196 км,""{Владивосток,Уссурийск,Владивосток}"",196"
"Иркутск - Ангарск - Иркутск,94 км,""{Иркутск,Ангарск,Иркутск}"",94"
"Иркутск - Ангарск - Усолье-Сибирское - Иркутск,156 км,""{Иркутск,Ангарск,Усолье-Сибирское,Иркутск}"",156"
"Иркутск - Ангарск - Черемхово - Иркутск,290 км,""{Иркутск,Ангарск,Черемхово,Иркутск}"",290"
"Иркутск - Зима - Саянск - Иркутск,580 км,""{Иркутск,Зима,Саянск,Иркутск}"",580"
"Иркутск - Усолье-Сибирское - Черемхово - Иркутск,292 км,""{Иркутск,Усолье-Сибирское,Черемхово,Иркутск}"",292"
"Иркутск - Хомутово - Урик - Иркутск,66 км,""{Иркутск,Хомутово,Урик,Иркутск}"",66"
"Иркутск - Шелехов - Иркутск,38 км,""{Иркутск,Шелехов,Иркутск}"",38"
"Кемерово - Анжеро-Судженск - Кемерово,197 км,""{Кемерово,Анжеро-Судженск,Кемерово}"",197"
"Кемерово - Белово - Кемерово,244 км,""{Кемерово,Белово,Кемерово}"",244"
"Кемерово - Белово - Ленинск-Кузнецкий - Кемерово,295 км,""{Кемерово,Белово,Ленинск-Кузнецкий,Кемерово}"",295"
"Кемерово - Ленинск-Кузнецкий - Кемерово,180 км,""{Кемерово,Ленинск-Кузнецкий,Кемерово}"",180"
"Красноярск - Абакан - Красноярск,821 км,""{Красноярск,Абакан,Красноярск}"",821"
"Красноярск - Абакан - Минусинск - Черногорск - Красноярск,871 км,""{Красноярск,Абакан,Минусинск,Черногорск,Красноярск}"",871"
"Красноярск - Березовка - Сосновоборск - Красноярск - Красноярск,82 км,""{Красноярск,Березовка,Сосновоборск,Красноярск,Красноярск}"",82"
"Красноярск - Знаменка - Черногорск - Усть-Абакан - Абакан - Минусинск - Белый Яр - Красноярск,906 км,""{Красноярск,Знаменка,Черногорск,Усть-Абакан,Абакан,Минусинск,Белый Яр,Красноярск}"",906"
"Красноярск - Кедровый - Козулька - Ачинск - Красноярск,363 км,""{Красноярск,Кедровый,Козулька,Ачинск,Красноярск}"",363"
"Красноярск - Козулька - Ачинск - Красноярск,351 км,""{Красноярск,Козулька,Ачинск,Красноярск}"",351"
"Красноярск - Козулька - Новоселово - Белый Яр - Минусинск - Абакан - Черногорск - Усть-Абакан - Красноярск,1133 км,""{Красноярск,Козулька,Новоселово,Белый Яр,Минусинск,Абакан,Черногорск,Усть-Абакан,Красноярск}"",1133"
"Красноярск - Козулька - Новоселово - Знаменка - Белый Яр - Минусинск - Абакан - Черногорск - Усть-Абакан - Красноярск,1016 км,""{Красноярск,Козулька,Новоселово,Знаменка,Белый Яр,Минусинск,Абакан,Черногорск,Усть-Абакан,Красноярск}"",1016"
"Красноярск - Козулька - Новоселово - Знаменка - Черногорск - Усть-Абакан - Абакан - Минусинск- Белый Яр - Красноярск,1200 км,""{Красноярск,Козулька,Новоселово,Знаменка,Черногорск,Усть-Абакан,Абакан,Минусинск- Белый Яр,Красноярск}"",1200"
"Красноярск - Козулька - Новоселово - Черногорск - Усть-Абакан - Абакан - Минусинск - Красноярск,987 км,""{Красноярск,Козулька,Новоселово,Черногорск,Усть-Абакан,Абакан,Минусинск,Красноярск}"",987"
"Красноярск - Новоселово - Знаменка - Белый Яр - Черногорск - Усть-Абакан - Абакан - Минусинск - Красноярск,1103 км,""{Красноярск,Новоселово,Знаменка,Белый Яр,Черногорск,Усть-Абакан,Абакан,Минусинск,Красноярск}"",1103"
"Красноярск - Новоселово - Знаменка - Черногорск - Усть-Абакан - Абакан - Минусинск - Красноярск,881 км,""{Красноярск,Новоселово,Знаменка,Черногорск,Усть-Абакан,Абакан,Минусинск,Красноярск}"",881"
"Красноярск - Новоселово - Черногорск - Усть-Абакан - Абакан - Белый Яр - Саяногорск - Минусинск - Красноярск,1206 км,""{Красноярск,Новоселово,Черногорск,Усть-Абакан,Абакан,Белый Яр,Саяногорск,Минусинск,Красноярск}"",1206"
"Красноярск - Новоселово - Черногорск - Усть-Абакан - Абакан - Минусинск - Белый Яр - Красноярск,910 км,""{Красноярск,Новоселово,Черногорск,Усть-Абакан,Абакан,Минусинск,Белый Яр,Красноярск}"",910"
"Красноярск - Новоселово - Шира - Черногорск - Усть-Абакан - Абакан - Минусинск - Саяногорск - Белый Яр - Красноярск,1290 км,""{Красноярск,Новоселово,Шира,Черногорск,Усть-Абакан,Абакан,Минусинск,Саяногорск,Белый Яр,Красноярск}"",1290"
"Новокузнецк - Киселёвск - Новокузнецк,120 км,""{Новокузнецк,Киселёвск,Новокузнецк}"",120"
"Новокузнецк - Киселёвск - Прокопьевск - Новокузнецк,118 км,""{Новокузнецк,Киселёвск,Прокопьевск,Новокузнецк}"",118"
"Новокузнецк - Междуреченск - Новокузнецк,157 км,""{Новокузнецк,Междуреченск,Новокузнецк}"",157"
"Новокузнецк - Междуреченск - Мыски - Новокузнецк,157 км,""{Новокузнецк,Междуреченск,Мыски,Новокузнецк}"",157"
"Новокузнецк - Осинники - Новокузнецк,63 км,""{Новокузнецк,Осинники,Новокузнецк}"",63"
"Новокузнецк - Осинники - Калтан - Новокузнецк,92 км,""{Новокузнецк,Осинники,Калтан,Новокузнецк}"",92"
"Новосибирск - Барнаул - Новосибирск,465 км,""{Новосибирск,Барнаул,Новосибирск}"",465"
"Новосибирск - Барнаул - Бийск - Новосибирск,742 км,""{Новосибирск,Барнаул,Бийск,Новосибирск}"",742"
"Новосибирск - Бердск - Новосибирск,75 км,""{Новосибирск,Бердск,Новосибирск}"",75"
"Новосибирск - Искитим - Новосибирск,116 км,""{Новосибирск,Искитим,Новосибирск}"",116"
"Новосибирск - Искитим - Линёво - Новосибирск,160 км,""{Новосибирск,Искитим,Линёво,Новосибирск}"",160"
"Новосибирск - Искитим - Линёво - Черепаново - Новосибирск,224 км,""{Новосибирск,Искитим,Линёво,Черепаново,Новосибирск}"",224"
"Новосибирск - Кемерово - Новосибирск,521 км,""{Новосибирск,Кемерово,Новосибирск}"",521"
"Новосибирск - Кемерово - Новокузнецк - Новосибирск,852 км,""{Новосибирск,Кемерово,Новокузнецк,Новосибирск}"",852"
"Новосибирск - Кемерово - Новокузнецк - Томск - Новосибирск,1167 км,""{Новосибирск,Кемерово,Новокузнецк,Томск,Новосибирск}"",1167"
"Новосибирск - Кемерово - Томск - Новосибирск,736 км,""{Новосибирск,Кемерово,Томск,Новосибирск}"",736"
"Новосибирск - Кемерово - Юрга - Новосибирск,532 км,""{Новосибирск,Кемерово,Юрга,Новосибирск}"",532"
"Новосибирск - Колывань - Кудряшовский - Криводановка - Марусино - Новосибирск,116 км,""{Новосибирск,Колывань,Кудряшовский,Криводановка,Марусино,Новосибирск}"",116"
"Новосибирск - Колывань - Кудряшовский - Криводановка - Марусино - Дивногорский - Новосибирск,117 км,""{Новосибирск,Колывань,Кудряшовский,Криводановка,Марусино,Дивногорский,Новосибирск}"",117"
"Новосибирск - Коченево - Чик - Новосибирск,104 км,""{Новосибирск,Коченево,Чик,Новосибирск}"",104"
"Новосибирск - Коченево - Чик - Обь - Новосибирск,115 км,""{Новосибирск,Коченево,Чик,Обь,Новосибирск}"",115"
"Новосибирск - Красноярск - Новосибирск,1580 км,""{Новосибирск,Красноярск,Новосибирск}"",1580"
"Новосибирск - Новокузнецк - Новосибирск,741 км,""{Новосибирск,Новокузнецк,Новосибирск}"",741"
"Новосибирск - Новосибирск - Искитим - Линёво - Новосибирск,180 км,""{Новосибирск,Новосибирск,Искитим,Линёво,Новосибирск}"",180"
"Новосибирск - Обь - Прокудское - Чик - Коченёво - Толмачёво - Новосибирск,124 км,""{Новосибирск,Обь,Прокудское,Чик,Коченёво,Толмачёво,Новосибирск}"",124"
"Новосибирск - Омск - Новосибирск,1303 км,""{Новосибирск,Омск,Новосибирск}"",1303"
"Новосибирск - Томск - Новосибирск,518 км,""{Новосибирск,Томск,Новосибирск}"",518"
"Новосибирск - Томск - Новокузнецк - Новосибирск,1056 км,""{Новосибирск,Томск,Новокузнецк,Новосибирск}"",1056"
"Омск - Новосибирск - Барнаул - Бийск - Новосибирск - Томск - Новосибирск - Кемерово - Новосибирск - Омск,3060 км,""{Омск,Новосибирск,Барнаул,Бийск,Новосибирск,Томск,Новосибирск,Кемерово,Новосибирск,Омск}"",3060"
"Томск - Асино - Томск,244 км,""{Томск,Асино,Томск}"",244"
"Томск - Асино - Первомайское - Томск,251 км,""{Томск,Асино,Первомайское,Томск}"",251"
"Томск - Зырянское - Асино - Первомайское - Томск,311 км,""{Томск,Зырянское,Асино,Первомайское,Томск}"",311"
"Томск - Колпашево - Томск,632 км,""{Томск,Колпашево,Томск}"",632"
"Томск - Мельниково - Кривошеино - Молчаново - Чажемто - Колпашево - Тогур - Томск,652 км,""{Томск,Мельниково,Кривошеино,Молчаново,Чажемто,Колпашево,Тогур,Томск}"",652"
"Томск - Мельниково - Молчаново - Кривошеино - Чажемто - Колпашево - Томск,652 км,""{Томск,Мельниково,Молчаново,Кривошеино,Чажемто,Колпашево,Томск}"",652"
"Томск - Юрга - Томск,213 км,""{Томск,Юрга,Томск}"",213"
"Улан-Удэ - Чита - Улан-Удэ,1341 км,""{Улан-Удэ,Чита,Улан-Удэ}"",1341"
"Архангельск - Новодвинск - Архангельск,52 км,""{Архангельск,Новодвинск,Архангельск}"",52"
"Архангельск - Северодвинск - Архангельск,88 км,""{Архангельск,Северодвинск,Архангельск}"",88"
"Балашиха - Воскресенск - Балашиха,199 км,""{Балашиха,Воскресенск,Балашиха}"",199"
"Балашиха - Шатура - Балашиха,245 км,""{Балашиха,Шатура,Балашиха}"",245"
"Белгород - Борисовка - Белгород,96 км,""{Белгород,Борисовка,Белгород}"",96"
"Белгород - Борисовка -Томаровка - Белгород,99 км,""{Белгород,Борисовка,Томаровка,Белгород}"",99"
"Белгород - Губкин - Старый Оскол - Белгород,287 км,""{Белгород,Губкин,Старый Оскол,Белгород}"",287"
"Белгород - Ивня - Белгород,155 км,""{Белгород,Ивня,Белгород}"",155"
"Белгород - Ивня - Ракитное - Белгород,183 км,""{Белгород,Ивня,Ракитное,Белгород}"",183"
"Белгород - Маслова пристань - Шебекино - Разумное - Белгород,72 км,""{Белгород,Маслова пристань,Шебекино,Разумное,Белгород}"",72"
"Белгород - Новая Таволжанка - Шебекино - Маслова Пристань - Разумное - Белгород,86 км,""{Белгород,Новая Таволжанка,Шебекино,Маслова Пристань,Разумное,Белгород}"",86"
"Белгород - Прохоровка - Белгород,123 км,""{Белгород,Прохоровка,Белгород}"",123"
"Белгород - Старый Оскол - Белгород,284 км,""{Белгород,Старый Оскол,Белгород}"",284"
"Белгород - Строитель - Прохоровка - Белгород,125 км,""{Белгород,Строитель,Прохоровка,Белгород}"",125"
"Брянск - Белые Берега - Карачев - Брянск,102 км,""{Брянск,Белые Берега,Карачев,Брянск}"",102"
"Брянск - Выгоничи - Жирятино - Жуковка - Брянск,168 км,""{Брянск,Выгоничи,Жирятино,Жуковка,Брянск}"",168"
"Брянск - Выгоничи - Жирятино - Клетня - Жуковка - Брянск,249 км,""{Брянск,Выгоничи,Жирятино,Клетня,Жуковка,Брянск}"",249"
"Брянск - Выгоничи - Клетня - Жуковка - Брянск,266 км,""{Брянск,Выгоничи,Клетня,Жуковка,Брянск}"",266"
"Брянск - Выгоничи - Трубчевск - Суземка - Комаричи - Навля - Брянск,355 км,""{Брянск,Выгоничи,Трубчевск,Суземка,Комаричи,Навля,Брянск}"",355"
"Брянск - Дятьково - Фокино - Брянск,105 км,""{Брянск,Дятьково,Фокино,Брянск}"",105"
"Брянск - Жирятино - Жуковка - Клетня - Брянск,247 км,""{Брянск,Жирятино,Жуковка,Клетня,Брянск}"",247"
"Брянск - Жуковка - Выгоничи - Брянск,183 км,""{Брянск,Жуковка,Выгоничи,Брянск}"",183"
"Брянск - Навля - Суземка - Трубчевск - Брянск,291 км,""{Брянск,Навля,Суземка,Трубчевск,Брянск}"",291"
"Брянск - Погар - Почеп - Брянск,252 км,""{Брянск,Погар,Почеп,Брянск}"",252"
"Брянск - Суземка - Трубчевск - Брянск,287 км,""{Брянск,Суземка,Трубчевск,Брянск}"",287"
"Брянск - Суземка - Трубчевск - Навля - Брянск,291 км,""{Брянск,Суземка,Трубчевск,Навля,Брянск}"",291"
"Брянск - Суземка - Трубчевск - Навля - Комаричи - Брянск,352 км,""{Брянск,Суземка,Трубчевск,Навля,Комаричи,Брянск}"",352"
"Видное - Михнево - Ступино - Кашира - Видное,201 км,""{Видное,Михнево,Ступино,Кашира,Видное}"",201"
"Видное - Подольск - Чехов - Серпухов - Видное,185 км,""{Видное,Подольск,Чехов,Серпухов,Видное}"",185"
"Видное - Серпухов - Кашира - Видное,269 км,""{Видное,Серпухов,Кашира,Видное}"",269"
"Видное - Ступино - Кашира - Видное,197 км,""{Видное,Ступино,Кашира,Видное}"",197"
"Владимир - Александров - Владимир,252 км,""{Владимир,Александров,Владимир}"",252"
"Владимир - Александров - Балакирево - Карабаново - Струнино - Владимир,327 км,""{Владимир,Александров,Балакирево,Карабаново,Струнино,Владимир}"",327"
"Владимир - Гусь-Хрустальный - Владимир,140 км,""{Владимир,Гусь-Хрустальный,Владимир}"",140"
"Владимир - Иваново - Владимир,230 км,""{Владимир,Иваново,Владимир}"",230"
"Владимир - Киржач - Владимир,229 км,""{Владимир,Киржач,Владимир}"",229"
"Владимир - Ковров - Владимир,162 км,""{Владимир,Ковров,Владимир}"",162"
"Владимир - Ковров - Камешково - Владимир,156 км,""{Владимир,Ковров,Камешково,Владимир}"",156"
"Владимир - Муром - Владимир,262 км,""{Владимир,Муром,Владимир}"",262"
"Владимир - Юрьев - Польский - Владимир,137 км,""{Владимир,Юрьев,Польский,Владимир}"",137"
"Вологда - Череповец - Вологда,272 км,""{Вологда,Череповец,Вологда}"",272"
"Вологда - Шексна - Череповец - Вологда,282 км,""{Вологда,Шексна,Череповец,Вологда}"",282"
"Воронеж - Анна - Новохопёрск - Воронеж,438 км,""{Воронеж,Анна,Новохопёрск,Воронеж}"",438"
"Воронеж - Анна - Садовое - Новохопёрск - Воронеж,450 км,""{Воронеж,Анна,Садовое,Новохопёрск,Воронеж}"",450"
"Воронеж - Анна - Садовое - Воронеж,200 км,""{Воронеж,Анна,Садовое,Воронеж}"",200"
"Воронеж - Анна - Эртиль - Воронеж,270 км,""{Воронеж,Анна,Эртиль,Воронеж}"",270"
"Воронеж - Бутурлиновка - Калач - Воронеж,458 км,""{Воронеж,Бутурлиновка,Калач,Воронеж}"",458"
"Воронеж - Воронеж - Новая Усмань - Орлово - Воронеж,455 км,""{Воронеж,Новая Усмань,Орлово,Воронеж}"",455"
"Воронеж - Девица - Стрелица - Хохольский - Латная - Семилуки - Воронеж,89 км,""{Воронеж,Девица,Стрелица,Хохольский,Латная,Семилуки,Воронеж}"",89"
"Воронеж - Лиски - Воронеж,214 км,""{Воронеж,Лиски,Воронеж}"",214"
"Воронеж - Новая Усмань - Воронеж,32 км,""{Воронеж,Новая Усмань,Воронеж}"",32"
"Воронеж - Новая Усмань - Орлово - Воля - Воронеж,77 км,""{Воронеж,Новая Усмань,Орлово,Воля,Воронеж}"",77"
"Воронеж - Нововоронеж - Воронеж,90 км,""{Воронеж,Нововоронеж,Воронеж}"",90"
"Воронеж - Нововоронеж-Новая Усмань-Орлово - Воронеж,140 км,""{Воронеж,Нововоронеж,Новая Усмань,Орлово,Воронеж}"",140"
"Воронеж - Острогожск - Воронеж,225 км,""{Воронеж,Острогожск,Воронеж}"",225"
"Воронеж - Рамонь - Воронеж,83 км,""{Воронеж,Рамонь,Воронеж}"",83"
"Воронеж - Семилуки - Хохольский - Воронеж,91 км,""{Воронеж,Семилуки,Хохольский,Воронеж}"",91"
"Воронеж - Солнечный - ВНИИСС - Рамонь - Новоживотинное - Ямное - Воронеж,87 км,""{Воронеж,Солнечный,ВНИИСС,Рамонь,Новоживотинное,Ямное,Воронеж}"",87"
"Воронеж - Стрелица - Хохольский - Латная - Семилуки - Воронеж,696 км,""{Воронеж,Стрелица,Хохольский,Латная,Семилуки,Воронеж}"",696"
"Воронеж - Стрелица - Хохольский - Латная - Семилуки - Землянск - Воронеж,250 км,""{Воронеж,Стрелица,Хохольский,Латная,Семилуки,Землянск,Воронеж}"",250"
"Воронеж - Таловая - Бутурлиновка - Воробьевка - Калач - Воронеж - Воронеж,550 км,""{Воронеж,Таловая,Бутурлиновка,Воробьевка,Калач,Воронеж}"",550"
"Воронеж - Хреновое - Таловая - Бутурлиновка - Воробьевка - Калач - Воронеж,501 км,""{Воронеж,Хреновое,Таловая,Бутурлиновка,Воробьевка,Калач,Воронеж}"",501"
"Воронеж - Чертовицы - ВНИИСС- Рамонь - Ямное - Воронеж,56 км,""{Воронеж,Чертовицы,ВНИИСС,Рамонь,Ямное,Воронеж}"",56"
"Калининград - Балтийск - Калининград,98 км,""{Калининград,Балтийск,Калининград}"",98"
"Калининград - Гвардейск - Черняховск - Гусев - Калининград,231 км,""{Калининград,Гвардейск,Черняховск,Гусев,Калининград}"",231"
"Калининград - Гусев - Калининград,230 км,""{Калининград,Гусев,Калининград}"",230"
"Калининград - Светлогорск - Калининград,104 км,""{Калининград,Светлогорск,Калининград}"",104"
"Калининград - Светлогорск - Зеленоградск - Калининград,114 км,""{Калининград,Светлогорск,Зеленоградск,Калининград}"",114"
"Калининград - Светлогорск - Пионерский - Калининград,105 км,""{Калининград,Светлогорск,Пионерский,Калининград}"",105"
"Калининград - Светлогорск - Пионерский - Зеленоградск - Калининград,115 км,""{Калининград,Светлогорск,Пионерский,Зеленоградск,Калининград}"",115"
"Калининград - Светлый - Калининград,56 км,""{Калининград,Светлый,Калининград}"",56"
"Калининград - Светлый - Балтийск - Калининград,110 км,""{Калининград,Светлый,Балтийск,Калининград}"",110"
"Калининград - Славск - Советск - Неман - Калининград,265 км,""{Калининград,Славск,Советск,Неман,Калининград}"",265"
"Калининград - Советск - Калининград,234 км,""{Калининград,Советск,Калининград}"",234"
"Калининград - Советск - Неман - Калининград,250 км,""{Калининград,Советск,Неман,Калининград}"",250"
"Калининград - Черняховск - Калининград,176 км,""{Калининград,Черняховск,Калининград}"",176"
"Калуга - Балабаново - Калуга,175 км,""{Калуга,Балабаново,Калуга}"",175"
"Калуга - Боровск - Балабаново - Калуга,193 км,""{Калуга,Боровск,Балабаново,Калуга}"",193"
"Калуга - Малоярославец - Калуга,129 км,""{Калуга,Малоярославец,Калуга}"",129"
"Калуга - Обнинск - Калуга,314 км,""{Калуга,Обнинск,Калуга}"",314"
"Калуга - Тула - Калуга,210 км,""{Калуга,Тула,Калуга}"",210"
"Липецк - Боринское - Задонск - Хлевное - Липецк,152 км,""{Липецк,Боринское,Задонск,Хлевное,Липецк}"",152"
"Липецк - Грязи - Липецк,60 км,""{Липецк,Грязи,Липецк}"",60"
"Липецк - Грязи - Усмань - Липецк,179 км,""{Липецк,Грязи,Усмань,Липецк}"",179"
"Липецк - Данков - Елец - Липецк,278 км,""{Липецк,Данков,Елец,Липецк}"",278"
"Липецк - Данков - Чаплыгин - Липецк,232 км,""{Липецк,Данков,Чаплыгин,Липецк}"",232"
"Липецк - Елец - Липецк,171 км,""{Липецк,Елец,Липецк}"",171"
"Липецк - Елец - Задонск - Липецк,189 км,""{Липецк,Елец,Задонск,Липецк}"",189"
"Липецк - Елец - Копцевы Хутора - Липецк,188 км,""{Липецк,Елец,Копцевы Хутора,Липецк}"",188"
"Липецк - Задонск - Липецк,115 км,""{Липецк,Задонск,Липецк}"",115"
"Липецк - Копцевы Хутора - Лебедянь - Данков - Липецк,185 км,""{Липецк,Копцевы Хутора,Лебедянь,Данков,Липецк}"",185"
"Липецк - Лебедянь - Данков - Липецк,184 км,""{Липецк,Лебедянь,Данков,Липецк}"",184"
"Липецк - Лебедянь - Данков - Чаплыгин - Липецк,244 км,""{Липецк,Лебедянь,Данков,Чаплыгин,Липецк}"",244"
"Липецк - Лебедянь - Чаплыгин - Липецк,229 км,""{Липецк,Лебедянь,Чаплыгин,Липецк}"",229"
"Липецк - Тамбов - Липецк,271 км,""{Липецк,Тамбов,Липецк}"",271"
"Липецк - Усмань - Липецк,147 км,""{Липецк,Усмань,Липецк}"",147"
"Липецк - Чаплыгин - Липецк,166 км,""{Липецк,Чаплыгин,Липецк}"",166"
"Москва - Апрелевка - Москва,88 км,""{Москва,Апрелевка,Москва}"",88"
"Москва - Белгород - Москва,1330 км,""{Москва,Белгород,Москва}"",1330"
"Москва - Белгород - Брянск - Москва,1489 км,""{Москва,Белгород,Брянск,Москва}"",1489"
"Москва - Белгород - Воронеж - Москва,1439 км,""{Москва,Белгород,Воронеж,Москва}"",1439"
"Москва - Белгород - Калуга - Москва,1358 км,""{Москва,Белгород,Калуга,Москва}"",1358"
"Москва - Белгород - Тула - Москва,1333 км,""{Москва,Белгород,Тула,Москва}"",1333"
"Москва - Брянск - Москва,765 км,""{Москва,Брянск,Москва}"",765"
"Москва - Брянск - Липецк - Москва,1242 км,""{Москва,Брянск,Липецк,Москва}"",1242"
"Москва - Брянск - Навля - Жуковка - Москва,987 км,""{Москва,Брянск,Навля,Жуковка,Москва}"",987"
"Москва - Владимир - Москва,372 км,""{Москва,Владимир,Москва}"",372"
"Москва - Владимир - Александров - Москва,438 км,""{Москва,Владимир,Александров,Москва}"",438"
"Москва - Владимир - Вологда - Москва,1070 км,""{Москва,Владимир,Вологда,Москва}"",1070"
"Москва - Владимир - Иваново - Москва,599 км,""{Москва,Владимир,Иваново,Москва}"",599"
"Москва - Владимир - Иваново - Кострома - Москва,748 км,""{Москва,Владимир,Иваново,Кострома,Москва}"",748"
"Москва - Владимир - Ковров - Москва,535 км,""{Москва,Владимир,Ковров,Москва}"",535"
"Москва - Владимир - Кострома - Москва,746 км,""{Москва,Владимир,Кострома,Москва}"",746"
"Москва - Владимир - Муром - Москва,629 км,""{Москва,Владимир,Муром,Москва}"",629"
"Москва - Владимир - Суздаль - Москва,443 км,""{Москва,Владимир,Суздаль,Москва}"",443"
"Москва - Владимир - Суздаль - Юрьев-Польский - Москва,459 км,""{Москва,Владимир,Суздаль,Юрьев-Польский,Москва}"",459"
"Москва - Владимир - Ярославль - Москва,683 км,""{Москва,Владимир,Ярославль,Москва}"",683"
"Москва - Вологда - Москва,922 км,""{Москва,Вологда,Москва}"",922"
"Москва - Вологда - Череповец - Москва,1087 км,""{Москва,Вологда,Череповец,Москва}"",1087"
"Москва - Вологда - Ярославль - Москва,469 км,""{Москва,Вологда,Ярославль,Москва}"",469"
"Москва - Воронеж - Москва,1034 км,""{Москва,Воронеж,Москва}"",1034"
"Москва - Воронеж - Липецк - Москва,1078 км,""{Москва,Воронеж,Липецк,Москва}"",1078"
"Москва - Воронеж - Тула - Москва,1045 км,""{Москва,Воронеж,Тула,Москва}"",1045"
"Москва - Звенигород - Москва,128 км,""{Москва,Звенигород,Москва}"",128"
"Москва - Зеленоград - Москва,85 км,""{Москва,Зеленоград,Москва}"",85"
"Москва - Иваново - Москва,600 км,""{Москва,Иваново,Москва}"",600"
"Москва - Иваново - Владимир - Москва,599 км,""{Москва,Иваново,Владимир,Москва}"",599"
"Москва - Калуга - Москва,361 км,""{Москва,Калуга,Москва}"",361"
"Москва - Калуга - Тула - Москва,481 км,""{Москва,Калуга,Тула,Москва}"",481"
"Москва - Ковров - Москва,537 км,""{Москва,Ковров,Москва}"",537"
"Москва - Коломна - Москва,227 км,""{Москва,Коломна,Москва}"",227"
"Москва - Коломна - Рязань - Москва,395 км,""{Москва,Коломна,Рязань,Москва}"",395"
"Москва - Кострома - Москва,678 км,""{Москва,Кострома,Москва}"",678"
"Москва - Кострома - Вологда - Череповец - Москва,1243 км,""{Москва,Кострома,Вологда,Череповец,Москва}"",1243"
"Москва - Липецк - Москва,874 км,""{Москва,Липецк,Москва}"",874"
"Москва - Липецк - Белгород - Москва,1479 км,""{Москва,Липецк,Белгород,Москва}"",1479"
"Москва - Липецк - Тула - Москва,912 км,""{Москва,Липецк,Тула,Москва}"",912"
"Москва - Наро-Фоминск - Москва,143 км,""{Москва,Наро-Фоминск,Москва}"",143"
"Москва - Н.Новгород - Москва,845 км,""{Москва,Н.Новгород,Москва}"",845"
"Москва - Н.Новгород - Владимир - Москва,842 км,""{Москва,Н.Новгород,Владимир,Москва}"",842"
"Москва - Рязань - Москва,395 км,""{Москва,Рязань,Москва}"",395"
"Москва - Рязань - Егорьевск - Москва,450 км,""{Москва,Рязань,Егорьевск,Москва}"",450"
"Москва - Санкт-Петербург - Москва,1424 км,""{Москва,Санкт-Петербург,Москва}"",1424"
"Москва - Смоленск - Москва,792 км,""{Москва,Смоленск,Москва}"",792"
"Москва - Смоленск - Брянск - Москва,1027 км,""{Москва,Смоленск,Брянск,Москва}"",1027"
"Москва - Солнечногорск - Москва,147 км,""{Москва,Солнечногорск,Москва}"",147"
"Москва - Тамбов - Москва,918 км,""{Москва,Тамбов,Москва}"",918"
"Москва - Тамбов - Рязань - Москва,942 км,""{Москва,Тамбов,Рязань,Москва}"",942"
"Москва - Тверь - Москва,366 км,""{Москва,Тверь,Москва}"",366"
"Москва - Химки - Москва,46 км,""{Москва,Химки,Москва}"",46"
"Москва - Ярославль - Москва,543 км,""{Москва,Ярославль,Москва}"",543"
"Москва - Ярославль - Владимир - Москва,680 км,""{Москва,Ярославль,Владимир,Москва}"",680"
"Москва - Ярославль - Кострома - Москва,691 км,""{Москва,Ярославль,Кострома,Москва}"",691"
"Москва - Ярославль - Рыбинск - Москва,671 км,""{Москва,Ярославль,Рыбинск,Москва}"",671"
"Москва - Ярославль - Рыбинск - Ярославль - Москва,713 км,""{Москва,Ярославль,Рыбинск,Ярославль,Москва}"",713"
"Мурманск - Апатиты - Кировск - Мурманск,427 км,""{Мурманск,Апатиты,Кировск,Мурманск}"",427"
"Мурманск - Апатиты - Полярные Зори - Кандалакша - Мурманск,558 км,""{Мурманск,Апатиты,Полярные Зори,Кандалакша,Мурманск}"",558"
"Мурманск - Кандалакша - Апатиты - Мурманск,556 км,""{Мурманск,Кандалакша,Апатиты,Мурманск}"",556"
"Мурманск - Кандалакша - Апатиты - Кировск - Мурманск,588 км,""{Мурманск,Кандалакша,Апатиты,Кировск,Мурманск}"",588"
"Мурманск - Мончегорск - Мурманск,276 км,""{Мурманск,Мончегорск,Мурманск}"",276"
"Мурманск - Оленегорск - Кировск - Апатиты - Мурманск,436 км,""{Мурманск,Оленегорск,Кировск,Апатиты,Мурманск}"",436"
"Мурманск - Оленегорск - Мончегорск - Мурманск,285 км,""{Мурманск,Оленегорск,Мончегорск,Мурманск}"",285"
"Мурманск - Оленегорск - Мончегорск - Апатиты - Мурманск,412 км,""{Мурманск,Оленегорск,Мончегорск,Апатиты,Мурманск}"",412"
"Мурманск - Оленегорск - Мончегорск - Апатиты - Кировск - Мурманск,445 км,""{Мурманск,Оленегорск,Мончегорск,Апатиты,Кировск,Мурманск}"",445"
"Мурманск - Полярные Зори - Кировск - Апатиты - Мурманск,534 км,""{Мурманск,Полярные Зори,Кировск,Апатиты,Мурманск}"",534"
"Орёл - Болхов - Орёл,125 км,""{Орёл,Болхов,Орёл}"",125"
"Орёл - Железногорск - Орёл,199 км,""{Орёл,Железногорск,Орёл}"",199"
"Орёл - Курск - Орёл,328 км,""{Орёл,Курск,Орёл}"",328"
"Орёл - Ливны - Орёл,278 км,""{Орёл,Ливны,Орёл}"",278"
"Подольск - Владимир - Подольск,436 км,""{Подольск,Владимир,Подольск}"",436"
"Подольск - Кашира - Подольск,194 км,""{Подольск,Кашира,Подольск}"",194"
"Подольск - Кашира - Ступино - Подольск,197 км,""{Подольск,Кашира,Ступино,Подольск}"",197"
"Подольск - Кострома - Подольск,770 км,""{Подольск,Кострома,Подольск}"",770"
"Подольск - Ступино - Подольск,176 км,""{Подольск,Ступино,Подольск}"",176"
"Подольск - Шилово - Спасск-Рязанский - Подольск,608 км,""{Подольск,Шилово,Спасск-Рязанский,Подольск}"",608"
"Рязань - Новомичуринск - Ряжск - Рязань,269 км,""{Рязань,Новомичуринск,Ряжск,Рязань}"",269"
"Рязань - Рыбное - Солотча - Рязань,95 км,""{Рязань,Рыбное,Солотча,Рязань}"",95"
"Рязань - Скопин - Рязань,194 км,""{Рязань,Скопин,Рязань}"",194"
"Рязань - Спасск-Рязанский - Рязань,118 км,""{Рязань,Спасск-Рязанский,Рязань}"",118"
"Рязань - Шилово - Спасск-Рязанский - Рязань,209 км,""{Рязань,Шилово,Спасск-Рязанский,Рязань}"",209"
"Санкт-Петербург - Великий Новгород - Санкт-Петербург,400 км,""{Санкт-Петербург,Великий Новгород,Санкт-Петербург}"",400"
"Санкт-Петербург - Вологда - Санкт-Петербург,1324 км,""{Санкт-Петербург,Вологда,Санкт-Петербург}"",1324"
"Санкт-Петербург - Вологда - Архангельск - Санкт-Петербург,2569 км,""{Санкт-Петербург,Вологда,Архангельск,Санкт-Петербург}"",2569"
"Санкт-Петербург - Вологда - Череповец - Санкт-Петербург,1342 км,""{Санкт-Петербург,Вологда,Череповец,Санкт-Петербург}"",1342"
"Санкт-Петербург - Волхов - Кириши - Санкт-Петербург,356 км,""{Санкт-Петербург,Волхов,Кириши,Санкт-Петербург}"",356"
"Санкт-Петербург - Всеволожск - Санкт-Петербург,49 км,""{Санкт-Петербург,Всеволожск,Санкт-Петербург}"",49"
"Санкт-Петербург - Выборг - Санкт-Петербург,272 км,""{Санкт-Петербург,Выборг,Санкт-Петербург}"",272"
"Санкт-Петербург - Выборг - Первомайское - Санкт-Петербург,279 км,""{Санкт-Петербург,Выборг,Первомайское,Санкт-Петербург}"",279"
"Санкт-Петербург - Выборг - Рощино - Санкт-Петербург,277 км,""{Санкт-Петербург,Выборг,Рощино,Санкт-Петербург}"",277"
"Санкт-Петербург - Гатчина - Санкт-Петербург,97 км,""{Санкт-Петербург,Гатчина,Санкт-Петербург}"",97"
"Санкт-Петербург - Зеленогорск - Сестрорецк - Кронштадт - Санкт-Петербург,157 км,""{Санкт-Петербург,Зеленогорск,Сестрорецк,Кронштадт,Санкт-Петербург}"",157"
"Санкт-Петербург - Калининград - Санкт-Петербург,1929 км,""{Санкт-Петербург,Калининград,Санкт-Петербург}"",1929"
"Санкт-Петербург - Кингисепп - Ивангород - Санкт-Петербург,312 км,""{Санкт-Петербург,Кингисепп,Ивангород,Санкт-Петербург}"",312"
"Санкт-Петербург - Колпино - Санкт-Петербург,63 км,""{Санкт-Петербург,Колпино,Санкт-Петербург}"",63"
"Санкт-Петербург - Колпино - Металлострой - Санкт-Петербург,64 км,""{Санкт-Петербург,Колпино,Металлострой,Санкт-Петербург}"",64"
"Санкт-Петербург - Колтуши - Разметелево - Санкт-Петербург,52 км,""{Санкт-Петербург,Колтуши,Разметелево,Санкт-Петербург}"",52"
"Санкт-Петербург - Красное село - Санкт-Петербург,62 км,""{Санкт-Петербург,Красное село,Санкт-Петербург}"",62"
"Санкт-Петербург - Кронштадт - Санкт-Петербург,103 км,""{Санкт-Петербург,Кронштадт,Санкт-Петербург}"",103"
"Санкт-Петербург - Кронштадт - Сестрорецк - Зеленогорск - Санкт-Петербург,159 км,""{Санкт-Петербург,Кронштадт,Сестрорецк,Зеленогорск,Санкт-Петербург}"",159"
"Санкт-Петербург - Ломоносов - Санкт-Петербург,106 км,""{Санкт-Петербург,Ломоносов,Санкт-Петербург}"",106"
"Санкт-Петербург - Луга - Санкт-Петербург,294 км,""{Санкт-Петербург,Луга,Санкт-Петербург}"",294"
"Санкт-Петербург - Никольское - Тосно - Санкт-Петербург,126 км,""{Санкт-Петербург,Никольское,Тосно,Санкт-Петербург}"",126"
"Санкт-Петербург - Новое Девяткино - Мурино - Санкт-Петербург,41 км,""{Санкт-Петербург,Новое Девяткино,Мурино,Санкт-Петербург}"",41"
"Санкт-Петербург - Отрадное - Санкт-Петербург,76 км,""{Санкт-Петербург,Отрадное,Санкт-Петербург}"",76"
"Санкт-Петербург - Отрадное - Никольское - Санкт-Петербург,89 км,""{Санкт-Петербург,Отрадное,Никольское,Санкт-Петербург}"",89"
"Санкт-Петербург - Петергоф - Санкт-Петербург,81 км,""{Санкт-Петербург,Петергоф,Санкт-Петербург}"",81"
"Санкт-Петербург - Петергоф - Ломоносов - Санкт-Петербург,104 км,""{Санкт-Петербург,Петергоф,Ломоносов,Санкт-Петербург}"",104"
"Санкт-Петербург - Петрозаводск - Псков - Санкт-Петербург,1427 км,""{Санкт-Петербург,Петрозаводск,Псков,Санкт-Петербург}"",1427"
"Санкт-Петербург - Пушкин - Санкт-Петербург,59 км,""{Санкт-Петербург,Пушкин,Санкт-Петербург}"",59"
"Санкт-Петербург - Пушкин - Павловск - Санкт-Петербург,70 км,""{Санкт-Петербург,Пушкин,Павловск,Санкт-Петербург}"",70"
"Санкт-Петербург - Рощино - Первомайское - Каменка - Агалатово - Сертолово - Санкт-Петербург,172 км,""{Санкт-Петербург,Рощино,Первомайское,Каменка,Агалатово,Сертолово,Санкт-Петербург}"",172"
"Санкт-Петербург - Сестрорецк - Санкт-Петербург,77 км,""{Санкт-Петербург,Сестрорецк,Санкт-Петербург}"",77"
"Санкт-Петербург - Сестрорецк - Зеленогорск - Санкт-Петербург,117 км,""{Санкт-Петербург,Сестрорецк,Зеленогорск,Санкт-Петербург}"",117"
"Санкт-Петербург - Сиверская - Вырица - Санкт-Петербург,168 км,""{Санкт-Петербург,Сиверская,Вырица,Санкт-Петербург}"",168"
"Санкт-Петербург - Сосновый бор - Санкт-Петербург,198 км,""{Санкт-Петербург,Сосновый бор,Санкт-Петербург}"",198"
"Санкт-Петербург - Тихвин - Волхов - Кириши - Санкт-Петербург,565 км,""{Санкт-Петербург,Тихвин,Волхов,Кириши,Санкт-Петербург}"",565"
"Санкт-Петербург - Токсово - Сертолово - Санкт-Петербург,87 км,""{Санкт-Петербург,Токсово,Сертолово,Санкт-Петербург}"",87"
"Санкт-Петербург - Тосно - Санкт-Петербург,119 км,""{Санкт-Петербург,Тосно,Санкт-Петербург}"",119"
"Санкт-Петербург - Шлиссельбург - Кировск - Отрадное - Санкт-Петербург,144 км,""{Санкт-Петербург,Шлиссельбург,Кировск,Отрадное,Санкт-Петербург}"",144"
"Санкт-Петербург - Шлиссельбург - Кировск - Отрадное - Никольское - Санкт-Петербург,166 км,""{Санкт-Петербург,Шлиссельбург,Кировск,Отрадное,Никольское,Санкт-Петербург}"",166"
"Санкт-Петербург - Шушары - Пушкин - Санкт-Петербург,65 км,""{Санкт-Петербург,Шушары,Пушкин,Санкт-Петербург}"",65"
"Тамбов - Мичуринск - Тамбов,149 км,""{Тамбов,Мичуринск,Тамбов}"",149"
"Тамбов - Расказово - Уварово - Тамбов,238 км,""{Тамбов,Расказово,Уварово,Тамбов}"",238"
"Тамбов - Рассказово - Тамбов,64 км,""{Тамбов,Рассказово,Тамбов}"",64"
"Тамбов - Уварово - Тамбов,235 км,""{Тамбов,Уварово,Тамбов}"",235"
"Тула - Калуга - Тула,233 км,""{Тула,Калуга,Тула}"",233"
"Череповец - Вологда - Череповец,290 км,""{Череповец,Вологда,Череповец}"",290"
"Череповец - Шексна - Вологда - Череповец,282 км,""{Череповец,Шексна,Вологда,Череповец}"",282"
"Ярославль - Данилов - Ярославль,137 км,""{Ярославль,Данилов,Ярославль}"",137"
"Ярославль - Иваново - Ярославль,234 км,""{Ярославль,Иваново,Ярославль}"",234"
"Ярославль - Кострома - Ярославль,169 км,""{Ярославль,Кострома,Ярославль}"",169"
"Ярославль - Переславль-Залесский - Ярославль,240 км,""{Ярославль,Переславль-Залесский,Ярославль}"",240"
"Ярославль - Ростов - Ярославль,119 км,""{Ярославль,Ростов,Ярославль}"",119"
"Ярославль - Рыбинск - Ярославль,170 км,""{Ярославль,Рыбинск,Ярославль}"",170"
"Волгоград - Волжский - Волгоград,60 км,""{Волгоград,Волжский,Волгоград}"",60"
"Ессентуки - Винсады - Лермонтов - Железноводск - Иноземцево - Ессентуки,78 км,""{Ессентуки,Винсады,Лермонтов,Железноводск,Иноземцево,Ессентуки}"",78"
"Ессентуки - Георгиевск - Георгиевская - Александрийская - Краснокумскоес - Обильное - Зеленокумск - Ессентуки,268 км,""{Ессентуки,Георгиевск,Георгиевская,Александрийская,Краснокумскоес,Обильное,Зеленокумск,Ессентуки}"",268"
"Ессентуки - Кисловодск - Ессентуки,43 км,""{Ессентуки,Кисловодск,Ессентуки}"",43"
"Ессентуки - Минеральные воды - Ессентуки,80 км,""{Ессентуки,Минеральные воды,Ессентуки}"",80"
"Ессентуки - Минеральные воды - Красный пахарь - Побегайловка - Анджиевский - Левокумка - Новотерский - Змейка - Пятигорский - Ессентуки,163 км,""{Ессентуки,Минеральные воды,Красный пахарь,Побегайловка,Анджиевский,Левокумка,Новотерский,Змейка,Пятигорский,Ессентуки}"",163"
"Ессентуки - Пятигорск - Горячеводский - Ессентуки,45 км,""{Ессентуки,Пятигорск,Горячеводский,Ессентуки}"",45"
"Ессентуки - Черкесск - Усть - Джегута - Ессентуки,194 км,""{Ессентуки,Черкесск,Усть,Джегута,Ессентуки}"",194"
"Краснодар - Агроном - Динская - Пластуновская - Васюринская - Новотиторовская - пос.Южный - Краснодар,183 км,""{Краснодар,Агроном,Динская,Пластуновская,Васюринская,Новотиторовская,пос.Южный,Краснодар}"",183"
"Краснодар - Волгоград - Краснодар,1582 км,""{Краснодар,Волгоград,Краснодар}"",1582"
"Краснодар - Новороссийск - Анапа - Краснодар,378 км,""{Краснодар,Новороссийск,Анапа,Краснодар}"",378"
"Краснодар - Полтавская - Трудобеликовский - Славянск-на-Кубани - Краснодар,180 км,""{Краснодар,Полтавская,Трудобеликовский,Славянск-на-Кубани,Краснодар}"",180"
"Краснодар - Славянск-на-Кубани - Краснодар,164 км,""{Краснодар,Славянск-на-Кубани,Краснодар}"",164"
"Краснодар - Тимашевск - Краснодар,142 км,""{Краснодар,Тимашевск,Краснодар}"",142"
"Краснодар - Тимашевск - Роговская - Брюховецкая - Краснодар,233 км,""{Краснодар,Тимашевск,Роговская,Брюховецкая,Краснодар}"",233"
"Краснодар - Усть-Лабинск - Краснодар,136 км,""{Краснодар,Усть-Лабинск,Краснодар}"",136"
"Ростов-на-Дону - Азов - Ростов-на-Дону,77 км,""{Ростов-на-Дону,Азов,Ростов-на-Дону}"",77"
"Ростов-на-Дону - Батайск - Ростов-на-Дону,24 км,""{Ростов-на-Дону,Батайск,Ростов-на-Дону}"",24"
"Ростов-на-Дону - Брянск - Липецк - Воронеж - Ростов-на-Дону,2146 км,""{Ростов-на-Дону,Брянск,Липецк,Воронеж,Ростов-на-Дону}"",2146"
"Ростов-на-Дону - Владикавказ - Грозный - Махачкала - Ростов-на-Дону,1984 км,""{Ростов-на-Дону,Владикавказ,Грозный,Махачкала,Ростов-на-Дону}"",1984"
"Ростов-на-Дону - Волгоград - Ростов-на-Дону,945 км,""{Ростов-на-Дону,Волгоград,Ростов-на-Дону}"",945"
"Ростов-на-Дону - Волгоград - Астрахань - Ростов-на-Дону,1668 км,""{Ростов-на-Дону,Волгоград,Астрахань,Ростов-на-Дону}"",1668"
"Ростов-на-Дону - Волгоград - Краснодар - Ростов-на-Дону,1491 км,""{Ростов-на-Дону,Волгоград,Краснодар,Ростов-на-Дону}"",1491"
"Ростов-на-Дону - Воронеж - Ростов-на-Дону,1133 км,""{Ростов-на-Дону,Воронеж,Ростов-на-Дону}"",1133"
"Ростов-на-Дону - Воронеж - Белгород - Ростов-на-Дону,1524 км,""{Ростов-на-Дону,Воронеж,Белгород,Ростов-на-Дону}"",1524"
"Ростов-на-Дону - Воронеж - Белгород - Курск - Брянск - Липецк - Ростов-на-Дону,2335 км,""{Ростов-на-Дону,Воронеж,Белгород,Курск,Брянск,Липецк,Ростов-на-Дону}"",2335"
"Ростов-на-Дону - Воронеж - Брянск - Липецк - Ростов-на-Дону,2147 км,""{Ростов-на-Дону,Воронеж,Брянск,Липецк,Ростов-на-Дону}"",2147"
"Ростов-на-Дону - Воронеж - Липецк - Белгород - Курск - Ростов-на-Дону,2001 км,""{Ростов-на-Дону,Воронеж,Липецк,Белгород,Курск,Ростов-на-Дону}"",2001"
"Ростов-на-Дону - Воронеж - Липецк - Тамбов - Ростов-на-Дону,1575 км,""{Ростов-на-Дону,Воронеж,Липецк,Тамбов,Ростов-на-Дону}"",1575"
"Ростов-на-Дону - Краснодар - Ростов-на-Дону,549 км,""{Ростов-на-Дону,Краснодар,Ростов-на-Дону}"",549"
"Ростов-на-Дону - Краснодар - Симферополь - Севастополь - Ростов-на-Дону,1570 км,""{Ростов-на-Дону,Краснодар,Симферополь,Севастополь,Ростов-на-Дону}"",1570"
"Ростов-на-Дону - Краснодар - Сочи - Ростов-на-Дону,1117 км,""{Ростов-на-Дону,Краснодар,Сочи,Ростов-на-Дону}"",1117"
"Ростов-на-Дону - Липецк - Ростов-на-Дону,1367 км,""{Ростов-на-Дону,Липецк,Ростов-на-Дону}"",1367"
"Ростов-на-Дону - Липецк - Белгород - Ростов-на-Дону,1761 км,""{Ростов-на-Дону,Липецк,Белгород,Ростов-на-Дону}"",1761"
"Ростов-на-Дону - Липецк - Воронеж - Ростов-на-Дону,1372 км,""{Ростов-на-Дону,Липецк,Воронеж,Ростов-на-Дону}"",1372"
"Ростов-на-Дону - Липецк - Воронеж - Белгород - Ростов-на-Дону,1767 км,""{Ростов-на-Дону,Липецк,Воронеж,Белгород,Ростов-на-Дону}"",1767"
"Ростов-на-Дону - Липецк - Тамбов - Ростов-на-Дону,1568 км,""{Ростов-на-Дону,Липецк,Тамбов,Ростов-на-Дону}"",1568"
"Ростов-на-Дону - Новочеркасск - Ростов-на-Дону,84 км,""{Ростов-на-Дону,Новочеркасск,Ростов-на-Дону}"",84"
"Ростов-на-Дону - Новошахтинск - Ростов-на-Дону,157 км,""{Ростов-на-Дону,Новошахтинск,Ростов-на-Дону}"",157"
"Ростов-на-Дону - Пятигорск - Ростов-на-Дону,1072 км,""{Ростов-на-Дону,Пятигорск,Ростов-на-Дону}"",1072"
"Ростов-на-Дону - Симферополь - Севастополь - Ростов-на-Дону,1536 км,""{Ростов-на-Дону,Симферополь,Севастополь,Ростов-на-Дону}"",1536"
"Ростов-на-Дону - Симферополь - Севастополь - Феодосия - Ростов-на-Дону,1540 км,""{Ростов-на-Дону,Симферополь,Севастополь,Феодосия,Ростов-на-Дону}"",1540"
"Ростов-на-Дону - Ставрополь - Ростов-на-Дону,683 км,""{Ростов-на-Дону,Ставрополь,Ростов-на-Дону}"",683"
"Ростов-на-Дону - Ставрополь - Кисловодск - Ессентуки - Пятигорск - Ростов-на-Дону,1130 км,""{Ростов-на-Дону,Ставрополь,Кисловодск,Ессентуки,Пятигорск,Ростов-на-Дону}"",1130"
"Ростов-на-Дону - Ставрополь - Кисловодск - Пятигорск - Ростов-на-Дону,1128 км,""{Ростов-на-Дону,Ставрополь,Кисловодск,Пятигорск,Ростов-на-Дону}"",1128"
"Ростов-на-Дону - Ставрополь - Краснодар - Ростов-на-Дону,915 км,""{Ростов-на-Дону,Ставрополь,Краснодар,Ростов-на-Дону}"",915"
"Ростов-на-Дону - Ставрополь - Усть-Лабинск - Краснодар - Ростов-на-Дону,917 км,""{Ростов-на-Дону,Ставрополь,Усть-Лабинск,Краснодар,Ростов-на-Дону}"",917"
"Ростов-на-Дону - Таганрог - Ростов-на-Дону,149 км,""{Ростов-на-Дону,Таганрог,Ростов-на-Дону}"",149"
"Ростов-на-Дону - Усть-Лабинск - Краснодар - Ростов-на-Дону,590 км,""{Ростов-на-Дону,Усть-Лабинск,Краснодар,Ростов-на-Дону}"",590"
"Ростов-на-Дону - Шахты - Ростов-на-Дону,158 км,""{Ростов-на-Дону,Шахты,Ростов-на-Дону}"",158"
"Севастополь - Алушта - Севастополь,236 км,""{Севастополь,Алушта,Севастополь}"",236"
"Севастополь - Белогорск - Кировское - Коктебель - Феодосия - Севастополь,455 км,""{Севастополь,Белогорск,Кировское,Коктебель,Феодосия,Севастополь}"",455"
"Севастополь - Белогорск - Старый Крым - Кировское - Коктебель - Феодосия - Севастополь,455 км,""{Севастополь,Белогорск,Старый Крым,Кировское,Коктебель,Феодосия,Севастополь}"",455"
"Севастополь - Невинномысск - Севастополь,1400 км,""{Севастополь,Невинномысск,Севастополь}"",1400"
"Севастополь - Симферополь - Севастополь,160 км,""{Севастополь,Симферополь,Севастополь}"",160"
"Севастополь - Симферополь - Бахчисарай - Севастополь,156 км,""{Севастополь,Симферополь,Бахчисарай,Севастополь}"",156"
"Севастополь - Симферополь - Белогорск - Кировское - Коктебель - Феодосия - Севастополь,455 км,""{Севастополь,Симферополь,Белогорск,Кировское,Коктебель,Феодосия,Севастополь}"",455"
"Севастополь - Симферополь - Белогорск - Кировское - Коктебель - Феодосия - Севастополь,455 км,""{Севастополь,Симферополь,Белогорск,Кировское,Коктебель,Феодосия,Севастополь}"",455"
"Севастополь - Симферополь - Белогорск - Старый Крым - Коктебель - Феодосия - Кировское - Севастополь,453 км,""{Севастополь,Симферополь,Белогорск,Старый Крым,Коктебель,Феодосия,Кировское,Севастополь}"",453"
"Севастополь - Ялта - Севастополь,168 км,""{Севастополь,Ялта,Севастополь}"",168"
"Севастополь - Ялта - Алушта - Севастополь,237 км,""{Севастополь,Ялта,Алушта,Севастополь}"",237"
"Ставрополь - Барсуковская - Невинномысск - Ставрополь,120 км,""{Ставрополь,Барсуковская,Невинномысск,Ставрополь}"",120"
"Ставрополь - Грачевка - Ипатово - Ставрополь,277 км,""{Ставрополь,Грачевка,Ипатово,Ставрополь}"",277"
"Ставрополь - Грачёвка - Светлоград - Ипатово - Ставрополь,290 км,""{Ставрополь,Грачёвка,Светлоград,Ипатово,Ставрополь}"",290"
"Ставрополь - Ессентуки - Кисловодск - Пятигорск - Ставрополь,444 км,""{Ставрополь,Ессентуки,Кисловодск,Пятигорск,Ставрополь}"",444"
"Ставрополь - Железноводск - Пятигорск - Ессентуки - Кисловодск - Ставрополь,453 км,""{Ставрополь,Железноводск,Пятигорск,Ессентуки,Кисловодск,Ставрополь}"",453"
"Ставрополь - Изобильный - Новоалександровск - Ставрополь,205 км,""{Ставрополь,Изобильный,Новоалександровск,Ставрополь}"",205"
"Ставрополь - Изобильный - Птичье - Баклановская - Ставрополь,163 км,""{Ставрополь,Изобильный,Птичье,Баклановская,Ставрополь}"",163"
"Ставрополь - Казьминское - Черкесск - Кочубеевское - Ставрополь,261 км,""{Ставрополь,Казьминское,Черкесск,Кочубеевское,Ставрополь}"",261"
"Ставрополь - Кисловодск - Ессентуки - Пятигорск - Ставрополь,440 км,""{Ставрополь,Кисловодск,Ессентуки,Пятигорск,Ставрополь}"",440"
"Ставрополь - Кочубеевское - Невинномысск - Ставрополь,135 км,""{Ставрополь,Кочубеевское,Невинномысск,Ставрополь}"",135"
"Ставрополь - Минеральные Воды - Пятигорск - Ессентуки - Кисловодск - Ставрополь,446 км,""{Ставрополь,Минеральные Воды,Пятигорск,Ессентуки,Кисловодск,Ставрополь}"",446"
"Ставрополь - Невинномысск - Ставрополь,117 км,""{Ставрополь,Невинномысск,Ставрополь}"",117"
"Ставрополь - Невинномысск - Кочубеевское - Барсуковская - Ставрополь,147 км,""{Ставрополь,Невинномысск,Кочубеевское,Барсуковская,Ставрополь}"",147"
"Ставрополь - Невинномысск - Сенгилеевское - Ставрополь,163 км,""{Ставрополь,Невинномысск,Сенгилеевское,Ставрополь}"",163"
"Ставрополь - Пелагиада - Рыздвяный - Изобильный - Ставрополь,120 км,""{Ставрополь,Пелагиада,Рыздвяный,Изобильный,Ставрополь}"",120"
"Ставрополь - Пелагиада - Рыздвяный - Изобильный - Новоалександровск - Ставрополь,214 км,""{Ставрополь,Пелагиада,Рыздвяный,Изобильный,Новоалександровск,Ставрополь}"",214"
"Ставрополь - Рыздвяный - Изобильный - Ставрополь,112 км,""{Ставрополь,Рыздвяный,Изобильный,Ставрополь}"",112"
"Ставрополь - Рыздвяный - Изобильный - Новоаллександровск - Ставрополь,207 км,""{Ставрополь,Рыздвяный,Изобильный,Новоаллександровск,Ставрополь}"",207"
"Ставрополь - Старомарьевское - Надежда - Грачёвка - Светлоград - Ставрополь,172 км,""{Ставрополь,Старомарьевское,Надежда,Грачёвка,Светлоград,Ставрополь}"",172"
"Ставрополь - Черкесск - Кочубеевское - Барсуковский - Ставрополь,283 км,""{Ставрополь,Черкесск,Кочубеевское,Барсуковский,Ставрополь}"",283"
